[
  {
    "adapter_id": "firecrawl_adapter_json_config",
    "adapter_name": "Firecrawl (from JSON)",
    "adapter_class": "FirecrawlAdapter",
    "config": { "apiKeyEnvVar": "FIRECRAWL_API_KEY_FROM_JSON" },
    "enabled": true
  },
  {
    "adapter_id": "dummy_json_adapter",
    "adapter_name": "Dummy JSON Test Adapter",
    "adapter_class": "DummyJsonAdapter", 
    "config": { "message": "Loaded from JSON config" },
    "enabled": true
  },
  {
    "adapter_id": "disabled_json_adapter",
    "adapter_name": "Disabled JSON Test Adapter",
    "adapter_class": "DummyJsonAdapter",
    "config": { "message": "This should not be loaded" },
    "enabled": false
  }
]

